id,chunk
chunk_1,Redes neurais profundas (Deep Neural Networks - DNNs) são modelos de aprendizado de máquina compostos por múltiplas camadas ocultas de neurônios. Essas camadas permitem que os modelos aprendam representações complexas dos dados de entrada.
chunk_2,"O principal benefício das redes neurais profundas é a capacidade de identificar padrões em grandes volumes de dados. Elas são utilizadas em tarefas como reconhecimento de imagens, processamento de linguagem natural e aprendizado por reforço."
chunk_3,"A importância das redes neurais profundas cresceu com o avanço do hardware, como GPUs e TPUs, que aceleram o treinamento desses modelos. O aprendizado profundo revolucionou áreas como visão computacional e inteligência artificial conversacional."
chunk_4,"Algoritmos como o backpropagation e otimizações como batch normalization são fundamentais para o treinamento eficiente de redes neurais profundas, garantindo melhor convergência e estabilidade no aprendizado."
chunk_5,"Frameworks populares como TensorFlow e PyTorch facilitam a construção e treinamento de redes neurais profundas, permitindo que pesquisadores e engenheiros desenvolvam modelos avançados com mais eficiência."
chunk_6,"O pré-processamento de dados é o processo de limpar e preparar dados brutos para análise. Isso inclui a remoção de valores ausentes, normalização e transformação dos dados para um formato adequado."
chunk_7,A normalização de dados é importante para garantir que as variáveis com diferentes escalas não distorçam o desempenho do modelo. Técnicas como Min-Max Scaling e Z-Score Normalization são comumente usadas.
chunk_8,"A remoção de outliers e a transformação de variáveis, como a conversão de variáveis categóricas em variáveis numéricas, também são etapas cruciais para melhorar a acurácia e a eficiência do modelo."
chunk_9,"O balanceamento de dados é uma técnica importante, especialmente quando as classes de um problema de classificação estão desbalanceadas. Técnicas como oversampling ou undersampling podem ser aplicadas."
chunk_10,"Após o pré-processamento, é possível aplicar técnicas de redução de dimensionalidade, como PCA (Principal Component Analysis), para reduzir o número de variáveis e melhorar o desempenho do modelo, reduzindo o risco de overfitting."
chunk_11,"Overfitting ocorre quando um modelo aprende demais com os dados de treinamento, capturando até o ruído, o que prejudica a generalização. Técnicas como regularização ajudam a reduzir o overfitting."
chunk_12,"Uma técnica comum para prevenir overfitting é o dropout, onde durante o treinamento, unidades aleatórias da rede neural são desativadas, forçando o modelo a aprender representações mais robustas."
chunk_13,"O uso de early stopping é outra técnica eficaz. Ela interrompe o treinamento assim que o modelo começa a apresentar um desempenho pior nos dados de validação, prevenindo que ele se sobreajuste."
chunk_14,"Cross-validation é uma abordagem em que o conjunto de dados é dividido em várias partes, e o modelo é treinado e testado em diferentes subconjuntos para garantir que ele generalize bem."
chunk_15,"Redução de dimensionalidade, como a aplicação de PCA (Principal Component Analysis), também pode ser útil, pois ajuda a remover variáveis irrelevantes ou redundantes, o que pode reduzir a complexidade do modelo e ajudar na generalização."
chunk_16,"Os modelos Transformers, introduzidos pelo artigo 'Attention is All You Need', utilizam um mecanismo de atenção para processar sequências de dados, ao invés das redes recorrentes (RNNs) tradicionais, permitindo um treinamento mais rápido e eficiente."
chunk_17,"Uma das principais inovações dos Transformers é a capacidade de paralelizar o treinamento, o que acelera a aprendizagem em grandes conjuntos de dados e melhora a escalabilidade do modelo."
chunk_18,"O mecanismo de self-attention permite que o modelo se concentre nas partes mais relevantes de uma sequência de entrada, ajudando a capturar relações de longo alcance em textos e melhorando o desempenho em tarefas de NLP, como tradução e resumo automático."
chunk_19,"Modelos como BERT e GPT, baseados na arquitetura Transformer, têm demonstrado resultados impressionantes em uma variedade de tarefas de NLP, desde análise de sentimentos até geração de texto."
chunk_20,"A flexibilidade dos Transformers também permite o pré-treinamento em grandes corpora de texto e o fine-tuning em tarefas específicas, melhorando significativamente a capacidade de generalização para tarefas de NLP."
chunk_21,"As bibliotecas mais populares para aprendizado de máquina em Python incluem Scikit-learn, que oferece uma ampla gama de algoritmos de aprendizado supervisionado e não supervisionado, e XGBoost, que é frequentemente usado para tarefas de classificação e regressão."
chunk_22,"TensorFlow e PyTorch são as principais bibliotecas para deep learning, permitindo a criação e treinamento de redes neurais complexas. Ambas oferecem suporte para GPU e são amplamente utilizadas em pesquisas e na indústria."
chunk_23,"Keras, que é uma interface de alto nível para construção de redes neurais, agora é integrada ao TensorFlow, tornando o processo de construção e treinamento mais intuitivo."
chunk_24,"Para manipulação e análise de dados, Pandas e NumPy são essenciais. O Pandas facilita a manipulação de dados tabulares, enquanto o NumPy fornece suporte para operações numéricas eficientes."
chunk_25,"Matplotlib e Seaborn são bibliotecas de visualização importantes, permitindo a criação de gráficos e diagramas para explorar e comunicar insights dos dados de forma eficaz."
chunk_61,"Machine Learning (Aprendizado de Máquina) é uma subárea da inteligência artificial que permite que sistemas aprendam a partir de dados e melhorem suas habilidades ao longo do tempo, sem necessidade de programação explícita."
chunk_62,"O aprendizado de máquina pode ser classificado em três tipos principais: supervisionado, não supervisionado e por reforço."
chunk_63,"Em aprendizado supervisionado, o modelo aprende a mapear entradas para saídas corretas a partir de dados rotulados."
chunk_64,"Em aprendizado não supervisionado, o modelo busca padrões nos dados sem rótulos, como agrupamento ou redução de dimensionalidade."
chunk_65,O aprendizado por reforço envolve treinar um agente para tomar decisões com base em recompensas e punições.
chunk_66,"LLM (Large Language Model) é treinado utilizando grandes quantidades de dados textuais. O treinamento envolve alimentar o modelo com texto de diversas fontes, permitindo que ele aprenda padrões de linguagem, gramática e estrutura de frases."
chunk_67,"Durante o treinamento, o modelo usa técnicas de aprendizado supervisionado para ajustar seus parâmetros, de modo que ele minimize o erro entre a previsão da próxima palavra ou sequência e a palavra real no texto."
chunk_68,"Um dos principais métodos usados no treinamento de LLMs é o treinamento por lotes (batch training), onde os dados são divididos em lotes e o modelo é ajustado após cada iteração em um lote de dados."
chunk_69,"O modelo de linguagem aprende não apenas a prever palavras, mas também a entender o contexto e a semântica, sendo capaz de gerar texto coerente, responder perguntas e realizar diversas outras tarefas de NLP."
chunk_70,"O treinamento de LLMs pode ser extremamente intensivo em termos de recursos computacionais, com o uso de GPUs ou TPUs para acelerar o processo."
